
{"relSlist": [[0.0, 0.0, 0.0, 0.0, 0.0, 0.0, 0.0, 0.0, 0.0, 0.0, 0.0, 0.0], [0.0, -1.0, 0.0, -1.0, -1.0, 0.0, -0.8660254037844386, -0.5, -0.5, -0.8660254037844386, -0.5, -0.8660254037844386], [1.0, 0.0, 1.0, 0.0, 0.0, 1.0, -0.5, 0.8660254037844386, 0.8660254037844386, -0.5, 0.8660254037844386, -0.5], [-2.7284020376328044e-08, -0.22800005099394482, 0.18300003706014356, -0.5780000605283906, -1.0280000613622136, 0.18649998356159336, -1.3992388074665378, -1.0725251307351538, -1.5225251255019496, -1.395739047749504, -1.87252514279421, -1.2127390333338708], [-2.506097746316459e-15, -0.0, 1.2326612339383494e-08, -0.0, -0.0, 4.8585202365420336e-08, -1.1591212115959144e-08, -9.035214962053164e-09, -4.9856175135994726e-08, 4.152449143796892e-08, -8.712215247353886e-08, 6.236366787118699e-08], [0.0, 7.3435132965687835e-09, -0.0, 2.071919731304362e-08, 3.905612144114211e-08, -0.0, 2.007656830614919e-08, -5.2164837905275285e-09, -2.8784476135531685e-08, -7.1922528929021e-08, -5.029999818297729e-08, -1.0801704129924667e-07]], "relBlist": [[-2.1695262401096472e-14, 1.748455570407537e-07, -2.1695262401096472e-14, 1.748455570407537e-07, 1.748455570407537e-07, -2.1695262401096472e-14, 1.5142070498376503e-07, 8.742275973172847e-08, 8.742275973172847e-08, 1.5142070498376503e-07, 8.742275973172847e-08, 1.5142070498376503e-07], [-0.8660252929880414, -0.5000001657228832, -0.8660252929880414, -0.5000001657228832, -0.5000001657228832, -0.8660252929880414, -1.98918425398098e-07, -0.9999999869089469, -0.9999999869089469, -1.98918425398098e-07, -0.9999999869089469, -1.98918425398098e-07], [-0.500000165722887, 0.8660252929880348, -0.500000165722887, 0.8660252929880348, 0.8660252929880348, -0.500000165722887, 0.999999986908943, -1.98918432003925e-07, -1.98918432003925e-07, 0.999999986908943, -1.98918432003925e-07, 0.999999986908943], [-1.2127385956837844, -1.8725253427595878, -1.395738660027949, -1.5225253332251447, -1.072525332391325, -1.3992386065294051, 0.18649976666556325, -1.0280000217822953, -0.5780000270154958, 0.1830000069485201, -0.22800000972323162, -7.467115394296438e-09], [-3.911468425892224e-08, -2.8594613357551515e-07, -4.894975197469677e-08, -2.6693183502515165e-07, -2.434718171177827e-07, -3.112642605966865e-08, -1.4069066111308804e-07, -8.98706017953288e-08, -5.053035370403625e-08, -3.47652141735655e-08, -1.993238236584738e-08, -9.085234669168463e-09], [6.774864195729921e-08, 2.1296101288158926e-07, 8.478347615416213e-08, 1.532759287407038e-07, 7.596815690433293e-08, 5.391258438746641e-08, -2.823994299241757e-08, 3.228087499747871e-08, 1.1277553255626915e-08, -2.770998586012028e-08, 1.3113556965116406e-09, 9.300231641660229e-15]], "relM": [[-0.9999999999999923, -8.742279538891052e-08, 1.5142068134936795e-07, 1.3381257520446685e-07], [-1.748455570407537e-07, 0.5000001657228832, -0.8660252929880348, -1.2127386547197903], [-2.1695262401096472e-14, -0.8660252929880414, -0.500000165722887, -2.100525448749636], [0.0, 0.0, 0.0, 1.0]], "baseSlist": [[0.0, 0.0, 0.0, 0.0, 0.0, 0.0], [0.0, -1.0, -1.0, 0.0, -1.0, 0.0], [1.0, 0.0, 0.0, 1.0, 0.0, 1.0], [5.982194295484078e-09, 0.29950000726715853, 0.7495000199376394, -0.0034998921531901317, 1.099500041916044, -0.18649994899477562], [-0.0, -0.0, -0.0, -3.5952616883605515e-08, -0.0, -3.228085887485577e-08], [-0.0, -0.0, -2.100332174848063e-08, 0.0, -3.0969516728873714e-08, 0.0]], "baseBlist": [[2.4984719086923284e-15, 8.742277596725311e-08, 8.742277596725311e-08, 2.4984719086923284e-15, 8.742277596725311e-08, 2.4984719086923284e-15], [-5.161913918527716e-08, -1.0000000167112857, -1.0000000167112857, -5.161913918527716e-08, -1.0000000167112857, -5.161913918527716e-08], [1.0000000167112857, -5.161913918527716e-08, -5.161913918527716e-08, 1.0000000167112857, -5.161913918527716e-08, 1.0000000167112857], [0.18649993082910488, -1.028000140367952, -0.5780001276974711, 0.18300003269372359, -0.2280001057190666, -2.414786221881987e-08], [4.858520081262519e-08, -8.987062551103118e-08, -5.053037386110504e-08, 1.2326612515485588e-08, -1.993239962452894e-08, -2.496600177637133e-15], [2.04196140288193e-15, 3.2280858948976344e-08, 1.1277540167841179e-08, 1.6030972440075491e-16, 1.3113476018297923e-09, -9.996151130128313e-16]], "baseM": [[1.0, 8.742277657347586e-08, 7.374084185613437e-15, 3.228085887485577e-08], [-8.742277596725311e-08, 1.0000000167112857, 5.161913918527716e-08, -0.18649991861360604], [2.4984719086923284e-15, -5.161913918527716e-08, 1.0000000167112857, 1.3275001032666394], [0.0, 0.0, 0.0, 1.0]], "Tbr": [[1.0, 0.0, 0.0, 0.0], [0.0, 0.4999999701976776, 0.866025447845459, 0.15634000301361084], [0.0, -0.866025447845459, 0.4999999701976776, 0.3772200047969818], [0.0, 0.0, 0.0, 1.0]], "Tbl": [[1.0, 0.0, 0.0, 0.0], [0.0, 0.4999999701976776, 0.866025447845459, 0.15634000301361084], [0.0, -0.866025447845459, 0.4999999701976776, 0.3772200047969818], [0.0, 0.0, 0.0, 1.0]],"Tbr": [[1.0, 0.0, 0.0, 0.0], [0.0, 0.4999999701976776, 0.866025447845459, 0.15634000301361084], [0.0, -0.866025447845459, 0.4999999701976776, 0.3772200047969818], [0.0, 0.0, 0.0, 1.0]], "Tbl": [[1.0, 0.0, 0.0, 0.0], [0.0, 0.4999999701976776, 0.866025447845459, 0.15634000301361084], [0.0, -0.866025447845459, 0.4999999701976776, 0.3772200047969818], [0.0, 0.0, 0.0, 1.0]]}